Rank,Dutch,English,,Notes
1,ik,I,,"1) This list was created using public/free subtitles, particularly from opensubtitles.org."
2,je,you,,The order is based on the number of occurences of each word in the subtitles.
3,het,the,,
4,de,the,,2) The English translation is by Google and can be un-reliable for some words.
5,is,is,,
6,dat,Which,,3) You can change the translation from English to another language.
7,een,a,,To do this you will first need to make a copy of this spreadsheet.  (File > Make a copy...)
8,niet,not,,"Then replace the ""en"" in the function in the cells in Column C with your desired language code."
9,en,and,,"e.g. Replace ""en"" with ""sv"" for Swedish."
10,wat,what,,List of supported languages:
11,van,from,,https://cloud.google.com/translate/v2/using_rest?hl=en#language-params
12,we,we,,
13,in,in,,4) The original source of this list can be found here:
14,ze,they,,https://invokeit.wordpress.com/frequency-word-lists/
15,op,on,,
16,te,to,,5) It is licensed under the following Creative Commons license:
17,hij,he,,http://creativecommons.org/licenses/by-sa/3.0/
18,zijn,to be,,
19,er,there,,6) More Most Common word lists (other languages) can be found here:
20,maar,but,,http://www.101languages.net/common-words/
21,me,me,,
22,die,That,,
23,heb,have got,,
24,voor,in front of,,
25,met,with,,
26,als,as,,
27,ben,am,,
28,was,used to be,,
29,mijn,my,,
30,u,you,,
31,dit,this,,
32,aan,to,,
33,om,to,,
34,hier,here,,
35,naar,to,,
36,dan,then,,
37,jij,you,,
38,zo,so,,
39,weet,know,,
40,ja,Yes,,
41,kan,can,,
42,geen,no,,
43,nog,yet,,
44,wel,well,,
45,wil,want,,
46,moet,must,,
47,goed,good,,
48,hem,him,,
49,hebben,to have,,
50,nee,No,,
51,heeft,has,,
52,waar,true,,
53,nu,now,,
54,hoe,how,,
55,ga,ga,,
56,kom,bowl,,
57,uit,from,,
58,gaan,to go,,
59,bent,are,,
60,haar,her,,
61,doen,to do,,
62,ook,also,,
63,mij,me,,
64,over,about,,
65,of,or,,
66,daar,over there,,
67,zou,would,,
68,al,already,,
69,jullie,you,,
70,zal,shall,,
71,bij,at,,
72,ons,U.S,,
73,gaat,is going,,
74,hebt,have,,
75,meer,more,,
76,waarom,why,,
77,iets,something,,
78,deze,this one,,
79,laat,late,,
80,had,had,,
81,doe,do,,
82,m,m,,
83,moeten,should,,
84,wie,Who,,
85,jou,you,,
86,alles,everything,,
87,denk,think,,
88,kunnen,being able,,
89,eens,once,,
90,echt,really,,
91,weg,away,,
92,door,by,,
93,man,man,,
94,toch,yet,,
95,zien,see,,
96,oké,all right,,
97,alleen,only,,
98,nou,Well,,
99,dus,So,,
100,nooit,never,,
101,terug,back,,
102,laten,leave,,
103,mee,it,,
104,even,for a bit,,
105,hou,love,,
106,komt,coming,,
107,niets,nothing,,
108,zei,said,,
109,misschien,perhaps,,
110,kijk,look,,
111,iemand,someone,,
112,komen,come,,
113,tot,until,,
114,veel,a lot of,,
115,worden,to become,,
116,onze,our,,
117,mensen,people,,
118,zeg,say,,
119,leven,life,,
120,zeggen,say,,
121,weer,weather,,
122,gewoon,just,,
123,nodig,required,,
124,wij,we,,
125,twee,two,,
126,tijd,time,,
127,tegen,against,,
128,uw,your,,
129,toen,then,,
130,zit,is,,
131,net,just,,
132,weten,know,,
133,heel,very,,
134,maken,to make,,
135,wordt,is becoming,,
136,dood,death,,
137,mag,allowed,,
138,altijd,always,,
139,af,down,,
140,wacht,wait,,
141,geef,give,,
142,z,z,,
143,lk,l,,
144,dag,day,,
145,omdat,because,,
146,zeker,certainly,,
147,zie,see,,
148,allemaal,all of them,,
149,gedaan,done,,
150,oh,Oh,,
151,dank,thanks,,
152,huis,House,,
153,hé,Hey,,
154,zij,she,,
155,jaar,year,,
156,vader,father,,
157,doet,is doing,,
158,zoals,as,,
159,jouw,your,,
160,vrouw,woman,,
161,geld,money,,
162,hun,their,,
163,mr,mr,,
164,god,God,,
165,kunt,can,,
166,keer,time,,
167,dacht,thought,,
168,erg,very,,
169,willen,want,,
170,anders,different,,
171,zitten,to sit,,
172,iedereen,everybody,,
173,één,a,,
174,andere,Others,,
175,zullen,shall,,
176,niks,nothing,,
177,niemand,no one,,
178,wilt,To,,
179,bedankt,thanks,,
180,binnen,within,,
181,beter,better,,
182,spijt,regret,,
183,maak,making,,
184,hallo,Hey,,
185,neem,take,,
186,vind,find,,
187,staat,state,,
188,werk,work,,
189,zich,himself,,
190,moeder,mother,,
191,gezien,seen,,
192,waren,goods,,
193,wilde,wanted to,,
194,praten,to talk,,
195,hele,all,,
196,genoeg,enough,,
197,meneer,Mr.,,
198,bedoel,mean,,
199,klaar,ready,,
200,vinden,find,,
201,kon,could,,
202,mooi,beautiful,,
203,leuk,nice,,
204,luister,listen,,
205,ziet,sees,,
206,toe,to,,
207,na,after,,
208,sorry,Sorry,,
209,elkaar,each other,,
210,blijf,stay,,
211,uur,hour,,
212,zegt,says,,
213,vast,fixed,,
214,drie,tree,,
215,alsjeblieft,please,,
216,alle,all,,
217,natuurlijk,of course,,
218,maakt,makes,,
219,gek,crazy,,
220,helpen,help out,,
221,verdomme,damn,,
222,grote,great,,
223,lang,long,,
224,wist,knew,,
225,dingen,stuff,,
226,helemaal,all the way,,
227,graag,gladly,,
228,eerste,first,,
229,krijgen,to get,,
230,blijven,stay,,
231,werd,became,,
232,zonder,without,,
233,houden,to hold,,
234,naam,name,,
235,vriend,friend,,
236,kijken,look,,
237,beetje,bit,,
238,jongen,boy,,
239,steeds,ever,,
240,auto,car,,
241,goede,well,,
242,snel,fast,,
243,geven,to give,,
244,geweest,been,,
245,achter,behind,,
246,ooit,ever,,
247,wanneer,when,,
248,kinderen,children,,
249,onder,below,,
250,bang,anxious,,
251,ging,went,,
252,hand,hand,,
253,vertellen,to tell,,
254,eten,food,,
255,jongens,boys,,
256,hoor,hearing,,
257,kwam,came,,
258,idee,idea,,
259,o,O,,
260,paar,couple,,
261,zag,saw,,
262,moest,had to,,
263,wereld,world,,
264,zorgen,to care,,
265,deed,did,,
266,gebeurd,happened,,
267,nieuwe,new ones,,
268,vraag,ask,,
269,morgen,tomorrow,,
270,staan,stand,,
271,vragen,ask,,
272,laatste,last,,
273,lijkt,seems,,
274,geweldig,awesome,,
275,want,because,,
276,vandaag,today,,
277,zelf,self,,
278,kun,you,,
279,nemen,take,,
280,beste,Best,,
281,heen,away,,
282,ie,ie,,
283,zelfs,even,,
284,meisje,girl,,
285,ken,ken,,
286,stop,Stop,,
287,rustig,quiet,,
288,enige,some,,
289,buiten,Outside,,
290,thuis,home,,
291,gezegd,said,,
292,kleine,little,,
293,geloof,faith,,
294,eerst,first,,
295,mannen,men,,
296,hadden,had,,
297,samen,together,,
298,vertel,tell,,
299,denken,to think,,
300,halen,get,,
301,hen,them,,
302,eigen,own,,
303,hoop,hope,,
304,zoon,son,,
305,krijg,receive,,
306,denkt,think,,
307,open,Open,,
308,probleem,issue,,
309,elke,every,,
310,zouden,would,,
311,horen,to hear,,
312,pak,business suit,,
313,geleden,ago,,
314,orde,order,,
315,wou,wanted,,
316,bijna,almost,,
317,gelijk,equal,,
318,vrienden,friends,,
319,kant,side,,
320,houdt,keeps,,
321,begrijp,understandable,,
322,politie,law enforcement,,
323,gebeurt,happens,,
324,eigenlijk,actually,,
325,soms,once in a while,,
326,wachten,to wait,,
327,kind,child,,
328,hoofd,head,,
329,vanavond,tonight,,
330,precies,exactly,,
331,geeft,gives,,
332,alsof,as if,,
333,ding,thing,,
334,voel,feel,,
335,gevonden,found it,,
336,probeer,try,,
337,zet,move,,
338,verder,further,,
339,help,Help,,
340,heet,hot,,
341,dagen,days,,
342,familie,family,,
343,haal,get,,
344,pas,only,,
345,werken,to work,,
346,volgende,next one,,
347,krijgt,gets,,
348,gehad,had,,
349,t,t,,
350,eruit,get out,,
351,gehoord,heard,,
352,zat,was sitting,,
353,bel,bell,,
354,hè,Hey,,
355,oude,old,,
356,vermoord,murdered,,
357,vijf,five,,
358,schiet,shoot,,
359,plaats,Place,,
360,manier,way,,
361,stad,city,,
362,gemaakt,made,,
363,hoeveel,How much,,
364,ogen,eyes,,
365,best,best,,
366,zoek,Search,,
367,vroeg,early,,
368,word,become,,
369,jezelf,yourself,,
370,daarom,therefore,,
371,spelen,play,,
372,geloven,to believe,,
373,minuten,minutes,,
374,slecht,bad,,
375,school,school,,
376,pijn,pain,,
377,vindt,finds,,
378,moment,moment,,
379,blij,happy,,
380,welke,which,,
381,kamer,room,,
382,water,water,,
383,kans,opportunity,,
384,schat,darling,,
385,dollar,dollar,,
386,land,country,,
387,vier,four,,
388,werkt,works,,
389,deur,door,,
390,brengen,bring,,
391,broer,brother,,
392,breng,bring,,
393,mooie,beautiful,,
394,zoeken,Search,,
395,lekker,yummy,,
396,later,later on,,
397,wees,orphan,,
398,juist,right,,
399,vooruit,forward,,
400,klootzak,asshole,,
401,volgens,according to,,
402,alstublieft,Please,,
403,groot,big,,
404,ligt,lies,,
405,boven,above,,
406,ergens,somewhere,,
407,spreken,to speak,,
408,blijft,continues,,
409,papa,Daddy,,
410,prima,fine,,
411,handen,hands,,
412,sta,sta,,
413,tussen,between,,
414,praat,talking,,
415,vond,found,,
416,verteld,told,,
417,soort,kind,,
418,zoveel,that much,,
419,week,week,,
420,proberen,to attempt,,
421,problemen,issues,,
422,hulp,help,,
423,echte,real,,
424,kent,knows,,
425,vrouwen,women,,
426,vergeten,to forget,,
427,plan,plan,,
428,mevrouw,Mrs.,,
429,dokter,doctor,,
430,pakken,to grab,,
431,beginnen,to start,,
432,nacht,night,,
433,kop,head,,
434,betekent,means,,
435,klopt,right,,
436,bed,bed,,
437,stoppen,stop,,
438,hoi,Hi,,
439,lopen,walk,,
440,klein,small,,
441,mama,mom,,
442,gebruiken,use,,
443,doden,kill,,
444,vrij,free,,
445,the,the,,
446,liefde,love,,
447,zult,shall,,
448,zorg,care,,
449,zaak,matter,,
450,los,loose,,
451,bellen,dial,,
452,ervan,it,,
453,mis,wrong,,
454,hart,heart,,
455,beneden,down,,
456,verhaal,story,,
457,wakker,awake,,
458,sir,sir,,
459,voordat,prior to,,
460,voorbij,past,,
461,leren,to learn,,
462,vol,full,,
463,tien,ten,,
464,slapen,to sleep,,
465,druk,busy,,
466,zodat,so that,,
467,neer,down,,
468,nummer,number,,
469,hoeft,need,,
470,n,n,,
471,dochter,daughter,,
472,jezus,Jesus,,
473,foto,photo,,
474,vergeet,forgets,,
475,dicht,close,,
476,gelukkig,happy,,
477,snap,snap,,
478,zoiets,something,,
479,gekomen,come,,
480,baby,baby,,
481,gebeuren,to happen,,
482,ok,OK,,
483,jack,jack,,
484,moeilijk,difficult,,
485,meteen,right away,,
486,gezicht,face,,
487,dr,dr,,
488,stel,set,,
489,sinds,since,,
490,zes,six,,
491,begin,get started,,
492,plek,place,,
493,drinken,drink,,
494,hey,hey,,
495,vermoorden,murder,,
496,zaken,Affairs,,
497,begrepen,understood,,
498,ver,far,,
499,hetzelfde,the same,,
500,ander,other,,
501,bezig,busy,,
502,john,John,,
503,liggen,lie,,
504,per,per,,
505,oud,old,,
506,gaf,gave,,
507,eraan,it,,
508,eerder,earlier,,
509,baas,boss,,
510,agent,agent,,
511,oorlog,war,,
512,mond,mouth,,
513,waarschijnlijk,probably,,
514,film,movie,,
515,rust,peace,,
516,zeer,very,,
517,vallen,fall,,
518,sterven,to die,,
519,hond,dog,,
520,mogen,be allowed to,,
521,waarheid,truth,,
522,rond,round,,
523,geluk,luck,,
524,heren,Gentlemen,,
525,jaren,years,,
526,vent,guy,,
527,hoorde,heard,,
528,terwijl,while,,
529,mam,mam,,
530,avond,evening,,
531,nieuws,news,,
532,aardig,nice,,
533,maanden,months,,
534,welkom,welcome,,
535,veilig,safe,,
536,schatje,baby,,
537,fijn,nice,,
538,mogelijk,possible,,
539,stuk,broken,,
540,redden,to rescue,,
541,rest,rest,,
542,hoort,hears,,
543,he,Hey,,
544,bloed,blood,,
545,vriendin,female friend,,
546,stil,quiet,,
547,langs,along,,
548,eerlijk,honestly,,
549,recht,straight,,
550,vandaan,from,,
551,ermee,it,,
552,betalen,Pay,,
553,voelt,feels,,
554,kennen,know,,
555,kerel,guy,,
556,schuld,debt,,
557,buurt,neighborhood,,
558,fout,wrong,,
559,reden,reason,,
560,ouders,parents,,
561,overal,everywhere,,
562,belangrijk,important,,
563,hard,hard,,
564,kapitein,captain,,
565,telefoon,phone,,
566,kreeg,received,,
567,duidelijk,clearly,,
568,new,new,,
569,a,a,,
570,pa,dad,,
571,mezelf,myself,,
572,woord,word,,
573,straks,later,,
574,boek,book,,
575,prachtig,magnificent,,
576,heer,lord,,
577,klinkt,sounds,,
578,erop,on,,
579,anderen,others,,
580,liet,showed,,
581,vanaf,from,,
582,vaak,often,,
583,baan,job,,
584,zin,sentence,,
585,eén,a,,
586,haat,hate,,
587,team,team,,
588,shit,shit,,
589,neemt,take,,
590,deel,part,,
591,voorzichtig,cautious,,
592,rijden,to drive,,
593,zetten,put,,
594,gegeven,given,,
595,geval,case,,
596,enkel,ankle,,
597,houd,love,,
598,president,president,,
599,licht,light,,
600,miljoen,million,,
601,lieverd,darling,,
602,liever,rather,,
603,tweede,second,,
604,geworden,become,,
605,stond,was standing,,
606,noemen,to mention,,
607,dezelfde,same,,
608,erin,it,,
609,mrs,mrs,,
610,lichaam,body,,
611,dames,Women,,
612,miss,miss,,
613,ontmoeten,Meet,,
614,vechten,fight,,
615,trouwen,Marry,,
616,inderdaad,indeed,,
617,ontmoet,meets,,
618,kwaad,pissed off,,
619,meisjes,girls,,
620,weken,weeks,,
621,elk,each,,
622,verloren,lost,,
623,veranderen,change,,
624,nergens,nowhere,,
625,antwoord,answer,,
626,wapen,weapon,,
627,koning,king,,
628,valt,falls,,
629,grappig,funny,,
630,einde,end,,
631,hield,held,,
632,verdomde,damn,,
633,tijdens,while,,
634,schieten,shoot,,
635,ziens,Goodbye,,
636,nieuw,new,,
637,idioot,idiot,,
638,stap,step,,
639,plezier,pleasure,,
640,vertrouwen,trust,,
641,kwijt,lost,,
642,daarna,afterwards,,
643,maakte,made,,
644,mens,man,,
645,kopen,to buy,,
646,naartoe,more,,
647,pap,dad,,
648,vertelde,told,,
649,spel,game,,
650,loopt,runs,,
651,frank,frank,,
652,gevoel,feeling,,
653,begint,begins,,
654,koffie,coffee,,
655,ervoor,before,,
656,slechte,poor,,
657,eet,eat,,
658,ziek,ill,,
659,omhoog,up,,
660,winnen,to win,,
661,lucht,air,,
662,ten,at,,
663,gang,corridor,,
664,trek,pull,,
665,fantastisch,fantastic,,
666,gegaan,gone,,
667,zichzelf,himself,,
668,acht,eight,,
669,goeie,good,,
670,leg,lay,,
671,enkele,a few,,
672,meid,girl,,
673,gebruikt,used,,
674,oom,uncle,,
675,onzin,nonsense,,
676,gisteren,yesterday,,
677,getrouwd,married,,
678,eindelijk,Finally,,
679,voelen,to feel,,
680,york,york,,
681,men,one,,
682,zeven,seven,,
683,zus,sister,,
684,i,i,,
685,normaal,normal,,
686,woorden,words,,
687,nogal,quite,,
688,let,beware,,
689,oke,all right,,
690,val,fall,,
691,muziek,music,,
692,gebeld,called,,
693,daarmee,therewith,,
694,herinner,remember,,
695,grond,ground,,
696,aarde,Earth,,
697,verwacht,expected,,
698,vreemd,strange,,
699,verkeerd,wrong,,
700,hemel,sky,,
701,loop,course,,
702,meen,mean,,
703,nietwaar,not true,,
704,minder,less,,
705,hoezo,how so,,
706,droom,dream,,
707,beloof,promise,,
708,nam,took,,
709,waard,worth,,
710,kantoor,office,,
711,allebei,both,,
712,zomaar,just,,
713,s,s,,
714,pardon,excuse me,,
715,perfect,perfect,,
716,sam,sam,,
717,leeft,lives,,
718,gebruik,use,,
719,half,half,,
720,trots,pride,,
721,begrijpen,understand,,
722,stuur,handlebar,,
723,leger,army,,
724,wapens,weapons,,
725,vroeger,back in the days,,
726,kracht,power,,
727,erbij,there,,
728,vuur,fire,,
729,opnieuw,again,,
730,excuseer,excuse,,
731,lief,sweet,,
732,george,George,,
733,hierheen,here,,
734,gevangenis,prison,,
735,werden,were,,
736,da,da,,
737,lieve,dear,,
738,slaap,sleep,,
739,persoon,person,,
740,joe,joe,,
741,gevraagd,asked,,
742,bedoelt,mean,,
743,noem,call,,
744,ziekenhuis,Hospital,,
745,begon,began,,
746,tv,TV,,
747,serieus,serious,,
748,verlaten,leave,,
749,vertrekken,leave,,
750,moord,murder,,
751,konden,could,,
752,stomme,mute,,
753,gekregen,got,,
754,brengt,brings,,
755,lezen,read,,
756,tom,Tom,,
757,dansen,dancing,,
758,punt,point,,
759,komaan,come on,,
760,charlie,Charlie,,
761,grootste,main,,
762,slim,smart,,
763,gesproken,speaking,,
764,straat,street,,
765,ongeveer,about,,
766,sommige,some,,
767,amerika,America,,
768,stellen,set,,
769,verliezen,to lose,,
770,meest,most,,
771,eentje,one,,
772,generaal,general,,
773,spullen,stuff,,
774,zwarte,black,,
775,david,david,,
776,pistool,pistol,,
777,toekomst,future,,
778,bank,Bank,,
779,degene,the one,,
780,goedemorgen,good morning,,
781,langer,longer,,
782,slechts,only,,
783,informatie,information,,
784,schrijven,write,,
785,ieder,each,,
786,verliefd,in love,,
787,veranderd,changed,,
788,probeerde,tried,,
789,tenminste,at least,,
790,slaan,to beat,,
791,luisteren,listen,,
792,vliegtuig,plane,,
793,kwamen,came,,
794,begrijpt,understands,,
795,makkelijk,easy,,
796,boos,angry,,
797,boot,boat,,
798,geest,spirit,,
799,michael,michael,,
800,gingen,used to go,,
801,ter,to,,
802,ongeluk,accident,,
803,trouwens,Besides,,
804,succes,good luck,,
805,vliegen,travel by plane,,
806,lange,long,,
807,maand,month,,
808,vraagt,asks,,
809,gebeurde,happened,,
810,kijkt,looks,,
811,meester,master,,
812,koud,cold,,
813,onderzoek,research,,
814,kleren,clothes,,
815,lul,dick,,
816,stom,stupid,,
817,spreek,speak,,
818,feest,party,,
819,jawel,Yes,,
820,weinig,few,,
821,liefje,sweetheart,,
822,schip,ship,,
823,behalve,except,,
824,vreselijk,horrible,,
825,bal,ball,,
826,hotel,hotel,,
827,controle,check,,
828,genomen,taken,,
829,wonen,live,,
830,honger,hunger,,
831,sterk,strongly,,
832,juiste,right,,
833,zak,bag,,
834,volgen,to follow,,
835,geheim,secret,,
836,probeert,try,,
837,ene,one,,
838,contact,Contact,,
839,verkopen,to sell,,
840,show,show,,
841,hoef,hoof,,
842,gedood,slain,,
843,welk,which,,
844,iedere,every,,
845,meter,meter,,
846,zolang,so long,,
847,sturen,send,,
848,rot,rot,,
849,begonnen,started,,
850,woont,lives,,
851,absoluut,absolutely,,
852,beschermen,to protect,,
853,bestaat,exists,,
854,dienst,shift,,
855,d,d,,
856,moe,tired,,
857,rug,back,,
858,geboren,born,,
859,naast,next,,
860,afgelopen,past,,
861,wegwezen,get out,,
862,bewijs,proof,,
863,lachen,laugh,,
864,jong,young,,
865,jonge,young,,
866,b,b,,
867,lijken,appear,,
868,erover,about,,
869,gered,saved,,
870,wilden,wild ones,,
871,voorstellen,propose,,
872,reis,trip,,
873,advocaat,lawyer,,
874,afspraak,appointment,,
875,raak,striking,,
876,verkeerde,false,,
877,jimmy,Jimmy,,
878,schelen,care,,
879,gevaarlijk,dangerous,,
880,rij,queue,,
881,voelde,felt,,
882,gestolen,stolen,,
883,kolonel,colonel,,
884,maat,measure,,
885,volg,follow,,
886,gedacht,thought,,
887,dame,Lady,,
888,dragen,to wear,,
889,prijs,price,,
890,lukt,succeed,,
891,kont,ass,,
892,geleerd,learned,,
893,harry,harry,,
894,betaald,paid,,
895,speelt,plays,,
896,hel,hell,,
897,trekken,to pull,,
898,geraakt,hit,,
899,e,e,,
900,mocht,if,,
901,stem,voice,,
902,missen,to miss,,
903,jammer,Unfortunately,,
904,seks,sex,,
905,ma,mom,,
906,bekend,known,,
907,doel,target,,
908,amerikaanse,American,,
909,camera,camera,,
910,leuke,nice,,
911,helpt,help,,
912,regels,rules,,
913,gevaar,Danger,,
914,sla,lettuce,,
915,mike,Mike,,
916,erger,worse,,
917,red,red,,
918,raar,weird,,
919,derde,third,,
920,raken,touch,,
921,arme,poor,,
922,zweer,ulcer,,
923,vertrouw,trust,,
924,paul,paul,,
925,seconden,seconds,,
926,totdat,until,,
927,rennen,run,,
928,paard,horse,,
929,tafel,table,,
930,geweldige,great,,
931,sneller,faster,,
932,steek,sting,,
933,moesten,must,,
934,wagen,car,,
935,grapje,just kidding,,
936,groep,group,,
937,kaart,Map,,
938,moordenaar,killer,,
939,wedstrijd,contest,,
940,via,through,,
941,gefeliciteerd,congratulations,,
942,gaten,holes,,
943,macht,power,,
944,dom,stupid,,
945,nadat,after,,
946,leek,layman,,
947,raad,council,,
948,band,band,,
949,tuurlijk,of course,,
950,zover,so far,,
951,arm,arm,,
952,ruimte,space,,
953,gebracht,brought,,
954,meeste,most,,
955,dromen,to dream,,
956,zodra,as soon,,
957,zwaar,heavy,,
958,kerk,church,,
959,schuldig,guilty,,
960,bob,bob,,
961,rijk,rich,,
962,ziel,soul,,
963,geprobeerd,tried,,
964,oog,eye,,
965,vlucht,flight,,
966,vanuit,from,,
967,vorige,previous,,
968,allen,all,,
969,uh,uh,,
970,herinneren,to remind,,
971,vooral,especially,,
972,meiden,girls,,
973,eind,end,,
974,oma,grandmother,,
975,viel,fell,,
976,zuster,sister,,
977,gelooft,believes,,
978,wet,law,,
979,kapot,Broken,,
980,gooi,throw,,
981,haast,rush,,
982,gedachten,thoughts,,
983,negen,nine,,
984,bewijzen,prove,,
985,eer,honour,,
986,www,www,,
987,brief,letter,,
988,dronken,drunk,,
989,drugs,drugs,,
990,teken,sign,,
991,duurt,takes,,
992,sleutel,key,,
993,peter,Peter,,
994,onmogelijk,impossible,,
995,zee,sea,,
996,ouwe,old,,
997,namen,names,,
998,regel,rule,,
999,lijn,line,,
1000,kost,costs,,
1001,zon,such a,,
1002,klote,sucks,,
1003,links,left,,
1004,speel,play,,
1005,james,james,,
1006,situatie,situation,,
1007,vanwege,because of,,
1008,delen,share,,
1009,deden,did,,
1010,zul,you,,
1011,gemist,missed,,
1012,witte,white,,
1013,mijne,mine,,
1014,warm,hot,,
1015,daarvoor,therefor,,
1016,gast,guest,,
1017,trein,train,,
1018,zeiden,said,,
1019,gewonnen,won,,
1020,huwelijk,wedding,,
1021,geschreven,written,,
1022,direct,straight away,,
1023,draai,twist,,
1024,gestuurd,forwarded,,
1025,bewegen,to move,,
1026,stierf,died,,
1027,gebouw,building,,
1028,lag,was,,
1029,schoenen,shoes,,
1030,diep,deep,,
1031,kalm,calm,,
1032,bus,bus,,
1033,mary,mary,,
1034,benen,legs,,
1035,werkte,worked,,
1036,you,you,,
1037,vannacht,tonight,,
1038,respect,respect,,
1039,spreekt,speaks,,
1040,keuze,choice,,
1041,bedrijf,company,,
1042,johnny,Johnny,,
1043,billy,Billy,,
1044,vertelt,tells,,
1045,l,l,,
1046,angst,fear,,
1047,drink,drinking,,
1048,keek,watched,,
1049,ah,Ah,,
1050,belde,phoned,,
1051,regelen,arrange for,,
1052,ray,ray,,
1053,gebroken,broken,,
1054,onderweg,on the way,,
1055,kende,knew,,
1056,waarvoor,which,,
1057,muur,wall,,
1058,midden,middle,,
1059,max,max,,
1060,leggen,down,,
1061,brand,fire,,
1062,spul,stuff,,
1063,beide,both,,
1064,zoekt,searches,,
1065,cool,cool,,
1066,gezin,family,,
1067,broek,pants,,
1068,sluit,closes,,
1069,verleden,past,,
1070,hoog,high,,
1071,gisteravond,yesterday evening,,
1072,les,lesson,,
1073,gelezen,read,,
1074,weggaan,depart,,
1075,tenzij,unless,,
1076,sergeant,sergeant,,
1077,heerlijk,delicious,,
1078,rode,red,,
1079,neus,nose,,
1080,zingen,to sing,,
1081,helft,half,,
1082,rechts,right,,
1083,vuile,dirty,,
1084,beloofd,promised,,
1085,professor,professor,,
1086,and,and,,
1087,verdienen,to earn,,
1088,gewerkt,worked,,
1089,moeite,effort,,
1090,boeken,books,,
1091,donker,dark,,
1092,lijst,list,,
1093,vrede,peace,,
1094,alex,alex,,
1095,werkelijk,really,,
1096,winkel,store,,
1097,club,club,,
1098,volk,people,,
1099,ach,oh,,
1100,godsnaam,God sake,,
1101,raam,window,,
1102,bericht,message,,
1103,extra,additional,,
1104,zulke,these,,
1105,partner,partner,,
1106,tante,aunt,,
1107,leiden,lead,,
1108,gebied,area,,
1109,relatie,relation,,
1110,mijnheer,Sir,,
1111,ls,ls,,
1112,bereiken,to achieve,,
1113,radio,radio,,
1114,uitleggen,to explain,,
1115,achteruit,backwards,,
1116,eikel,you jerk,,
1117,com,com,,
1118,kwalijk,ill,,
1119,sheriff,sheriff,,
1120,henry,Henry,,
1121,goud,gold,,
1122,welterusten,good night,,
1123,uiteindelijk,in the end,,
1124,teveel,too much,,
1125,vijand,enemy,,
1126,hangt,depends,,
1127,vlees,meat,,
1128,geweer,gun,,
1129,bracht,brought,,
1130,eraf,off,,
1131,voeten,feet,,
1132,nick,Nick,,
1133,held,hero,,
1134,feestje,party,,
1135,wens,wish,,
1136,koop,buy,,
1137,tijdje,while,,
1138,betaal,pay,,
1139,bevel,command,,
1140,slag,blow,,
1141,bleef,kept on,,
1142,lift,elevator,,
1143,luitenant,lieutenant,,
1144,daarvan,thereof,,
1145,bureau,desk,,
1146,positie,position,,
1147,opschieten,Hurry up,,
1148,dode,dead,,
1149,plannen,plan,,
1150,been,leg,,
1151,beurt,turn,,
1152,bill,Bill,,
1153,lot,lot,,
1154,yeah,yeah,,
1155,jim,jim,,
1156,dorp,village,,
1157,gewond,injured,,
1158,knap,good looking,,
1159,christus,Christ,,
1160,la,la,,
1161,gekocht,purchased,,
1162,gesprek,conversation,,
1163,hoeven,hooves,,
1164,gevecht,fight,,
1165,boom,tree,,
1166,alweer,again,,
1167,ophouden,stop,,
1168,lastig,difficult,,
1169,schrijf,write,,
1170,agenten,agents,,
1171,deal,deal,,
1172,vreemde,stranger,,
1173,tony,tony,,
1174,verdwenen,disappeared,,
1175,lijk,corpse,,
1176,gevallen,cases,,
1177,bobby,Bobby,,
1178,liep,ran,,
1179,heilige,saint,,
1180,wijn,wine,,
1181,bezoek,visit,,
1182,speciale,special one,,
1183,voet,foot,,
1184,goedenavond,good evening,,
1185,lees,read,,
1186,belachelijk,ridiculous,,
1187,missie,mission,,
1188,reet,crack,,
1189,koningin,queen,,
1190,eh,eh,,
1191,dieren,animals,,
1192,interessant,interesting,,
1193,ongelooflijk,incredible,,
1194,vis,fish,,
1195,groter,taller,,
1196,okay,Okay,,
1197,rivier,river,,
1198,persoonlijk,in person,,
1199,tas,bag,,
1200,rechter,judge,,
1201,prachtige,gorgeous,,
1202,aandacht,attention,,
1203,levend,living,,
1204,leeg,empty,,
1205,verdorie,shucks,,
1206,thee,tea,,
1207,geschiedenis,history,,
1208,gasten,visitors,,
1209,volledig,fully,,
1210,verrassing,surprise,,
1211,gezet,put,,
1212,gelukt,successful,,
1213,slaat,hit,,
1214,wind,wind,,
1215,waarop,upon which,,
1216,ijs,ice,,
1217,blijkbaar,apparently,,
1218,zwart,black,,
1219,sluiten,Close,,
1220,honden,dogs,,
1221,klas,class,,
1222,kat,cat,,
1223,opa,grandfather,,
1224,adem,breath,,
1225,stelen,steal,,
1226,bekijken,see,,
1227,eddie,eddie,,
1228,eiland,Island,,
1229,meenemen,take,,
1230,raakt,hit,,
1231,helaas,unfortunately,,
1232,ring,ring,,
1233,kort,short,,
1234,regering,government,,
1235,kennis,knowledge,,
1236,nek,neck,,
1237,verjaardag,birthday,,
1238,doorgaan,Get on,,
1239,rekening,bill,,
1240,bestaan,to exist,,
1241,gehouden,held,,
1242,kiezen,choose,,
1243,ballen,balls,,
1244,soldaat,soldier,,
1245,neuken,fuck,,
1246,woon,residential,,
1247,aantal,number,,
1248,boodschap,message,,
1249,weekend,weekend,,
1250,taxi,cab,,
1251,engels,English,,
1252,verschil,difference,,
1253,boord,board,,
1254,bom,bomb,,
1255,vakantie,holidays,,
1256,vonden,found,,
1257,meegenomen,included,,
1258,huilen,to cry,,
1259,verkocht,sold,,
1260,gat,hole,,
1261,zelfmoord,suicide,,
1262,jake,jake,,
1263,vlug,quickly,,
1264,hoer,whore,,
1265,armen,arms,,
1266,aangenaam,pleasant,,
1267,homo,gay,,
1268,bar,bar,,
1269,dak,roof,,
1270,knul,guy,,
1271,aanval,attack,,
1272,tommy,tommy,,
1273,der,der,,
1274,soldaten,soldiers,,
1275,sarah,sarah,,
1276,parijs,Paris,,
1277,meestal,mostly,,
1278,grap,joke,,
1279,gesloten,closed,,
1280,systeem,system,,
1281,laatst,last,,
1282,slaapt,sleeps,,
1283,glas,glass,,
1284,geheime,secret,,
1285,zwanger,pregnant,,
1286,godverdomme,Goddamnit,,
1287,richting,direction,,
1288,draagt,wear,,
1289,speciaal,special,,
1290,ontsnappen,escape,,
1291,londen,London,,
1292,hangen,to hang,,
1293,keus,choice,,
1294,c,c,,
1295,beiden,both,,
1296,mes,knife,,
1297,dichtbij,close to,,
1298,vergeef,forgive,,
1299,hoek,corner,,
1300,stoel,chair,,
1301,majoor,major,,
1302,krant,newspaper,,
1303,gestorven,died,,
1304,gehaald,achieved,,
1305,vele,many,,
1306,danny,danny,,
1307,verschillende,various,,
1308,geluid,sound,,
1309,begraven,to bury,,
1310,gooien,throw,,
1311,gestopt,stopped,,
1312,monster,sample,,
1313,haalt,gets,,
1314,sleutels,Keys,,
1315,noemt,mentions,,
1316,draaien,to turn,,
1317,ruzie,quarrel,,
1318,gauw,soon,,
1319,liegen,to lie,,
1320,steve,steve,,
1321,adres,address,,
1322,gepakt,caught,,
1323,langzaam,slowly,,
1324,simpel,simple,,
1325,maan,Moon,,
1326,verlies,loss,,
1327,belt,call,,
1328,betere,better,,
1329,zaten,sat,,
1330,bier,beer,,
1331,risico,risk,,
1332,stukje,piece,,
1333,vrijheid,freedom,,
1334,totaal,total,,
1335,verdient,earns,,
1336,sprak,spoke,,
1337,san,san,,
1338,kus,kiss,,
1339,overleven,survive,,
1340,richard,richard,,
1341,beest,beast,,
1342,bek,beak,,
1343,vertrek,departure,,
1344,eenmaal,once,,
1345,prinses,princess,,
1346,huh,huh,,
1347,leer,leather,,
1348,broeder,brother,,
1349,wisten,knew,,
1350,onmiddellijk,immediately,,
1351,ontslagen,laid off,,
1352,lol,LOL,,
1353,park,park,,
1354,kerels,guys,,
1355,keuken,kitchen,,
1356,planeet,planet,,
1357,actie,action,,
1358,ware,true,,
1359,geregeld,regularly,,
1360,zagen,saw,,
1361,gevangen,caught,,
1362,fbi,fbi,,
1363,gezeten,seated,,
1364,plaatsen,place,,
1365,jurk,dress,,
1366,vanmorgen,this morning,,
1367,computer,computer,,
1368,hopelijk,hopefully,,
1369,dachten,thought,,
1370,bedoelde,meant,,
1371,trap,stairway,,
1372,beweging,movement,,
1373,verandert,changes,,
1374,waarvan,from what,,
1375,last,load,,
1376,zakken,lower,,
1377,tijden,times,,
1378,twintig,twenty,,
1379,j,j,,
1380,blauwe,blue,,
1381,kilometer,kilometer,,
1382,lach,laugh,,
1383,juffrouw,miss,,
1384,rol,role,,
1385,hoge,High,,
1386,draag,wear,,
1387,liegt,lying,,
1388,schoon,clean,,
1389,dikke,thick,,
1390,neef,cousin,,
1391,bezorgd,Worried,,
1392,bouwen,to build,,
1393,betrokken,concerned,,
1394,hiermee,with this,,
1395,ontdekt,discovered,,
1396,ster,star,,
1397,hoelang,how long,,
1398,don,don,,
1399,vriendje,boyfriend,,
1400,honderd,hundred,,
1401,wint,wins,,
1402,bos,forest,,
1403,toestemming,permission,,
1404,jas,jacket,,
1405,rood,red,,
1406,indruk,impression,,
1407,mark,Mark,,
1408,belangrijke,important,,
1409,twaalf,twelve,,
1410,passen,to fit,,
1411,minuut,minute,,
1412,strijd,fight,,
1413,mist,fog,,
1414,enig,any,,
1415,ontvangen,receive,,
1416,gratis,free,,
1417,bedanken,to thank,,
1418,trouw,faithfully,,
1419,stelt,states,,
1420,hoogte,height,,
1421,getuige,witness,,
1422,kussen,To kiss,,
1423,springen,to jump,,
1424,duren,last,,
1425,waarmee,by which,,
1426,excuses,apologies,,
1427,k,k,,
1428,bereid,prepared,,
1429,zware,heavy,,
1430,breken,break,,
1431,durf,dare,,
1432,prins,Prince,,
1433,leider,leader,,
1434,programma,program,,
1435,commandant,commander,,
1436,up,up,,
1437,feit,fact,,
1438,rook,smoke,,
1439,jane,Jane,,
1440,rome,Rome,,
1441,rijdt,rides,,
1442,start,Start,,
1443,nadenken,reflect,,
1444,vieren,to celebrate,,
1445,trut,bitch,,
1446,washington,Washington,,
1447,verschrikkelijk,terrible,,
1448,charles,charles,,
1449,vernietigen,destroy,,
1450,klootzakken,motherfuckers,,
1451,roken,to smoke,,
1452,test,test,,
1453,publiek,audience,,
1454,besloten,decided,,
1455,roep,call,,
1456,opdracht,order,,
1457,draait,runs,,
1458,duizend,thousand,,
1459,brug,bridge,,
1460,geslagen,beaten,,
1461,ervaring,experience,,
1462,leeftijd,Age,,
1463,bad,bath,,
1464,vertaling,translation,,
1465,jerry,Jerry,,
1466,paarden,horses,,
1467,maria,Mary,,
1468,vecht,fight,,
1469,kate,kate,,
1470,energie,energy,,
1471,leef,live,,
1472,lee,lee,,
1473,bloemen,flowers,,
1474,code,code,,
1475,wonder,miracle,,
1476,zomer,summer,,
1477,films,movies,,
1478,binnenkort,shortly,,
1479,chris,chris,,
1480,gestoord,disturbed,,
1481,slot,key lock,,
1482,veiligheid,safety,,
1483,gewone,ordinary,,
1484,procent,per cent,,
1485,restaurant,restaurant,,
1486,duivel,devil,,
1487,enorme,enormous,,
1488,bezit,property,,
1489,sloeg,hit,,
1490,tanden,teeth,,
1491,inspecteur,inspector,,
1492,waarin,in which,,
1493,vlak,flat,,
1494,gedownload,downloaded,,
1495,motor,engine,,
1496,enorm,enormous,,
1497,schoot,lap,,
1498,spoor,track,,
1499,boel,lot,,
1500,neen,no,,
1501,gemakkelijk,easy,,
1502,zorgt,makes,,
1503,geweten,conscience,,
1504,beeld,statue,,
1505,engeland,England,,
1506,sommigen,some,,
1507,landen,Nations,,
1508,ineens,suddenly,,
1509,ontbijt,breakfast,,
1510,verhalen,stories,,
1511,luistert,listening,,
1512,fijne,fine,,
1513,amerikanen,americans,,
1514,volgt,follows,,
1515,coach,coach,,
1516,betreft,concerns,,
1517,waarover,about what,,
1518,vissen,fish,,
1519,noemde,named,,
1520,raakte,hit,,
1521,pad,path,,
1522,wezen,being,,
1523,operatie,operation,,
1524,schreef,wrote,,
1525,basis,base,,
1526,gegeten,ate,,
1527,verklaring,statement,,
1528,zwemmen,swimming,,
1529,momentje,just hold on,,
1530,uren,hours,,
1531,rotzooi,shit,,
1532,blanke,White person,,
1533,rare,weird,,
1534,opstaan,rise,,
1535,nachts,night,,
1536,to,to,,
1537,betaalt,pay,,
1538,papieren,paper,,
1539,martin,Martin,,
1540,beslissing,decision,,
1541,geniet,enjoy,,
1542,ochtend,morning,,
1543,wraak,revenge,,
1544,top,top,,
1545,robert,robert,,
1546,tonen,show,,
1547,ha,ha,,
1548,will,will,,
1549,gekke,silly,,
1550,kosten,cost,,
1551,eeuwig,everlasting,,
1552,sterft,dies,,
1553,cel,cell,,
1554,sexy,sexy,,
1555,oren,ears,,
1556,geholpen,assisted,,
1557,zwaard,sword,,
1558,fuck,fuck,,
1559,leiding,conduit,,
1560,reed,drove,,
1561,tekenen,to draw,,
1562,verdomd,damned,,
1563,gemeen,common,,
1564,moorden,murder,,
1565,vorm,form,,
1566,gevoelens,feelings,,
1567,aanvallen,to attack,,
1568,opzij,aside,,
1569,neergeschoten,shot,,
1570,kip,chicken,,
1571,volwassen,adult,,
1572,verantwoordelijk,responsible,,
1573,ouder,parent,,
1574,lunch,lunch,,
1575,toilet,toilet,,
1576,fles,bottle,,
1577,wow,wow,,
1578,street,street,,
1579,verlaat,leaves,,
1580,perfecte,perfect,,
1581,dik,fat,,
1582,afstand,distance,,
1583,gepraat,talk,,
1584,halve,half,,
1585,ruikt,smells,,
1586,walter,walter,,
1587,past,suits,,
1588,mooiste,most beautiful,,
1589,directeur,director,,
1590,nerveus,nervous,,
1591,leidt,leads,,
1592,troep,gang,,
1593,nbsp,nbsp,,
1594,toevallig,accidentally,,
1595,andy,andy,,
1596,tevreden,satisfied,,
1597,dankzij,thanks to,,
1598,melk,milk,,
1599,rusten,rest,,
1600,moed,courage,,
1601,stopt,stops,,
1602,taak,task,,
1603,dol,crazy,,
1604,truck,truck,,
1605,sukkel,softy,,
1606,levens,lives,,
1607,appartement,apartment,,
1608,universiteit,university,,
1609,behoorlijk,fairly,,
1610,onschuldig,innocent,,
1611,verboden,forbidden,,
1612,liefste,Dear,,
1613,vangen,to catch,,
1614,steen,stone,,
1615,slachtoffer,victim,,
1616,majesteit,majesty,,
1617,bijzonder,particular,,
1618,lui,lazy,,
1619,thomas,thomas,,
1620,veld,field,,
1621,jaloers,jealous,,
1622,strand,beach,,
1623,dans,dance,,
1624,verslaan,defeat,,
1625,misdaad,crime,,
1626,post,post,,
1627,ais,ais,,
1628,openen,to open,,
1629,pond,lb,,
1630,donder,Thunder,,
1631,genoemd,called,,
1632,opeens,suddenly,,
1633,vertaald,translated,,
1634,terecht,justly,,
1635,gaaf,whole,,
1636,schijnt,seems,,
1637,harder,mullet,,
1638,belangrijkste,main,,
1639,gedoe,hassle,,
1640,antwoorden,answers,,
1641,drankje,drink,,
1642,vergeven,to forgive,,
1643,getuigen,witness,,
1644,kogel,ball,,
1645,doc,doc,,
1646,anna,anna,,
1647,kamp,camp,,
1648,domme,stupid,,
1649,afmaken,finish up,,
1650,verdwijnen,to disappear,,
1651,cent,cent,,
1652,berg,mountain,,
1653,terugkomen,return,,
1654,speelde,played,,
1655,ophalen,to pick up,,
1656,brian,brian,,
1657,spelletje,game,,
1658,gekozen,chosen,,
1659,big,piglet,,
1660,simon,simon,,
1661,stilte,Silence,,
1662,type,type,,
1663,kleur,colour,,
1664,steken,stabbing,,
1665,overleden,passed away,,
1666,keren,turn,,
1667,afgesproken,agreed,,
1668,bedoeling,intention,,
1669,genoegen,pleasure,,
1670,mening,opinion,,
1671,chef,chef,,
1672,ln,ln,,
1673,verpest,ruined,,
1674,frankrijk,France,,
1675,hoed,hat,,
1676,vertrokken,departed,,
1677,vaders,fathers,,
1678,hopen,to hope,,
1679,officier,officer,,
1680,onderzoeken,to investigate,,
1681,betekenen,mean,,
1682,kevin,kevin,,
1683,medicijnen,medicines,,
1684,erachter,out,,
1685,toon,tone,,
1686,lucy,lucy,,
1687,twijfel,doubt,,
1688,verkoop,sale,,
1689,larry,larry,,
1690,geweld,violence,,
1691,dichterbij,closer,,
1692,bespreken,discuss,,
1693,mexico,Mexico,,
1694,william,william,,
1695,ontsnapt,Escaped,,
1696,des,des,,
1697,geschoten,shot,,
1698,schoonheid,beauty,,
1699,akkoord,agreement,,
1700,heus,really,,
1701,gezocht,wanted,,
1702,controleren,to check,,
1703,favoriete,favorite,,
1704,vaarwel,goodbye,,
1705,vrije,free,,
1706,vriendelijk,friendly,,
1707,gearresteerd,arrested,,
1708,bepaalde,particular,,
1709,stemmen,to vote,,
1710,lisa,lisa,,
1711,stappen,to step,,
1712,bevalt,like,,
1713,wit,white,,
1714,kaarten,Cards,,
1715,opnemen,record,,
1716,klanten,customers,,
1717,vingers,fingers,,
1718,hartelijk,warmly,,
1719,tent,tent,,
1720,verstand,wit,,
1721,echtgenoot,husband,,
1722,verdachte,suspect,,
1723,machine,machine,,
1724,bedacht,conceived,,
1725,bidden,pray,,
1726,uitstekend,excellent,,
1727,ho,ho,,
1728,hersenen,brain,,
1729,huid,skin,,
1730,sterren,stars,,
1731,dave,dave,,
1732,taal,language,,
1733,ergste,worst,,
1734,leugenaar,liar,,
1735,bende,gang,,
1736,gedrag,behaviour,,
1737,rachel,rachel,,
1738,carl,carl,,
1739,geslapen,slept,,
1740,overkomen,befall,,
1741,blind,blind,,
1742,voeren,feed,,
1743,blik,look,,
1744,it,it,,
1745,las,weld,,
1746,claire,claire,,
1747,reken,accounting,,
1748,gebleven,remained,,
1749,vertrekt,leaves,,
1750,doos,box,,
1751,chicago,chicago,,
1752,drank,drink,,
1753,liedje,tune,,
1754,gedragen,behave,,
1755,punten,points,,
1756,jazeker,hell yes,,
1757,lukken,work out,,
1758,bak,bin,,
1759,tegenhouden,stop,,
1760,gezelschap,party,,
1761,ondertitel,subtitle,,
1762,pete,pete,,
1763,rapport,report,,
1764,broers,brothers,,
1765,city,City,,
1766,grens,border,,
1767,vrijdag,Friday,,
1768,compleet,complete,,
1769,tuin,garden,,
1770,burgemeester,mayor,,
1771,paniek,panic,,
1772,voedsel,food,,
1773,zocht,sought,,
1774,trekt,attracts,,
1775,victor,Victor,,
1776,hoewel,although,,
1777,matt,matt,,
1778,kerst,Christmas,,
1779,gouden,golden,,
1780,lijden,suffering,,
1781,st,st,,
1782,nagedacht,thought,,
1783,volle,full,,
1784,afdeling,department,,
1785,v,v,,
1786,kerstmis,Christmas,,
1787,ondertiteling,subtitle,,
1788,bijvoorbeeld,for instance,,
1789,kerstman,Santa Claus,,
1790,duizenden,thousands,,
1791,talent,talent,,
1792,verwachten,expect,,
1793,lenen,to lend,,
1794,tegenwoordig,nowadays,,
1795,bergen,mountains,,
1796,zwak,weak,,
1797,uwe,yours,,
1798,gelaten,left,,
1799,begrafenis,funeral,,
1800,collega,fellow worker,,
1801,bekijk,view,,
1802,gelogen,lied,,
1803,f,f,,
1804,sterf,death,,
1805,kunst,art,,
1806,adam,Adam,,
1807,manieren,manners,,
1808,ren,acids,,
1809,advies,advice,,
1810,uitgenodigd,invited,,
1811,arthur,arthur,,
1812,vloer,floor,,
1813,brood,bread,,
1814,bedenken,think,,
1815,vandoor,away,,
1816,storm,storm,,
1817,gedachte,thought,,
1818,station,station,,
1819,kregen,got,,
1820,project,project,,
1821,vaker,more often,,
1822,roepen,call,,
1823,jouwe,yours,,
1824,vrolijk,cheerful,,
1825,papier,paper,,
1826,verraden,betray,,
1827,noorden,north,,
1828,verloor,lost,,
1829,zondag,Sunday,,
1830,hemelsnaam,heaven's sake,,
1831,gevolgd,followed,,
1832,laag,low,,
1833,kies,choose,,
1834,elf,eleven,,
1835,gelul,bullshit,,
1836,duur,expensive,,
1837,gespeeld,played,,
1838,geïnteresseerd,interested,,
1839,leraar,teacher,,
1840,schot,shot,,
1841,europa,Europe,,
1842,war,confused,,
1843,stukken,pieces,,
1844,ideeën,ideas,,
1845,zonde,sin,,
1846,verliest,loses,,
1847,kogels,bullets,,
1848,oplossing,solution,,
1849,westen,West,,
1850,video,video,,
1851,vogel,bird,,
1852,gozer,geezer,,
1853,bereikt,reached,,
1854,ledereen,Everybody,,
1855,maatje,Buddy,,
1856,voren,forward,,
1857,annie,annie,,
1858,stuurde,sent,,
1859,smith,smith,,
1860,verdiend,earned,,
1861,tong,tongue,,
1862,reizen,to travel,,
1863,persoonlijke,personal,,
1864,race,race,,
1865,moeders,mothers,,
1866,menselijke,human,,
1867,geloofde,believed,,
1868,jagen,to hunt,,
1869,bruiloft,wedding,,
1870,hoger,higher,,
1871,jones,jones,,
1872,ed,ed,,
1873,louis,louis,,
1874,krachten,forces,,
1875,kilo,kilo,,
1876,pik,cock,,
1877,kust,coast,,
1878,alarm,alarm,,
1879,vorig,last,,
1880,koken,Cook,,
1881,contract,contract,,
1882,amy,amy,,
1883,vergadering,meeting,,
1884,scott,scott,,
1885,stront,shit,,
1886,alice,alice,,
1887,eigenaar,owner,,
1888,rechercheur,detective,,
1889,biertje,beer,,
1890,zwijg,be silent,,
1891,beer,bear,,
1892,joey,Joey,,
1893,wijs,wise,,
1894,beslist,decided,,
1895,eieren,Eggs,,
1896,miljoenen,millions,,
1897,zaterdag,Saturday,,
1898,koffer,Suitcase,,
1899,sporen,tracks,,
1900,tegenover,opposite,,
1901,snapt,understands,,
1902,p,p,,
1903,ziekte,disease,,
1904,verbergen,hide,,
1905,verborgen,hidden,,
1906,gewacht,waited,,
1907,rock,rock,,
1908,bieden,offer,,
1909,aardige,nice,,
1910,rose,rose,,
1911,pot,pot,,
1912,harde,tough,,
1913,straf,punishment,,
1914,dankbaar,grateful,,
1915,erom,around,,
1916,leerde,learned,,
1917,vreselijke,fearful,,
1918,julie,julie,,
1919,gaven,gifts,,
1920,zuiden,south,,
1921,schreeuwen,shout,,
1922,blauw,blue,,
1923,wiens,whose,,
1924,slachtoffers,victims,,
1925,sterke,strong,,
1926,ernstig,serious,,
1927,gerust,safe,,
1928,pers,press,,
1929,lid,member,,
1930,frankie,frankie,,
1931,flink,lot,,
1932,eric,eric,,
1933,hiervan,hereof,,
1934,km,km,,
1935,proces,process,,
1936,wensen,to wish,,
1937,kelder,cellar,,
1938,ontmoette,met,,
1939,genieten,to enjoy,,
1940,daniel,daniel,,
1941,sterker,stronger,,
1942,nat,wet,,
1943,klant,customer,,
1944,eenvoudig,simple,,
1945,uitzoeken,investigate,,
1946,senator,senator,,
1947,vasthouden,to hold,,
1948,gods,god,,
1949,signaal,signal,,
1950,schrijft,writes,,
1951,hi,Hi,,
1952,wed,wed,,
1953,duitse,German,,
1954,orders,orders,,
1955,dossier,dossier,,
1956,west,west,,
1957,vijanden,enemies,,
1958,geduld,patience,,
1959,meegemaakt,experienced,,
1960,phil,phil,,
1961,graf,grave,,
1962,job,Job,,
1963,deuren,doors,,
1964,vermoordt,killing,,
1965,kampioen,champion,,
1966,shirt,shirt,,
1967,edelachtbare,Honor,,
1968,super,super,,
1969,stenen,stone,,
1970,vliegveld,airport,,
1971,pakt,arrested,,
1972,aangedaan,affected,,
1973,maandag,Monday,,
1974,klus,job,,
1975,wei,whey,,
1976,ruim,spacious,,
1977,terry,terry,,
1978,bewerkt,edited,,
1979,vluchten,flee,,
1980,natuur,nature,,
1981,ongelofelijk,unbelievable,,
1982,opgewonden,agitated,,
1983,bomen,trees,,
1984,goden,gods,,
1985,doei,bye,,
1986,afscheid,goodbye,,
1987,badkamer,bathroom,,
1988,details,details,,
1989,jesse,jesse,,
1990,taart,cake,,
1991,zojuist,just now,,
1992,oplossen,to resolve,,
1993,fred,fred,,
1994,gezond,healthy,,
1995,ondanks,despite,,
1996,king,king,,
1997,korte,short,,
1998,spring,jump,,
1999,gebruikte,used,,
2000,groene,green,,